,date,loan_type,rate
0,2015-10-24,短期贷款(六个月以内),4.35
1,2015-10-24,短期贷款(六个月至一年),4.35
2,2015-10-24,中长期贷款(三至五年),4.75
3,2015-10-24,中长期贷款(五年以上),4.90
4,2015-10-24,中长期贷款(一至三年),4.75
5,2015-10-24,贴现(贴现),--
6,2015-10-24,优惠贷款(扶贫贴息贷款),--
7,2015-10-24,优惠贷款(老少边穷发展经济贷款),--
8,2015-10-24,优惠贷款(民政部门福利工厂贷款),--
9,2015-10-24,优惠贷款(民族贸易及民族用品生产贷款),--
10,2015-10-24,优惠贷款(贫困县办工业贷款),--
11,2015-10-24,个人住房商业贷款(六个月以内),3.92
12,2015-10-24,个人住房商业贷款(六个月至一年),3.92
13,2015-10-24,个人住房商业贷款(三至五年),4.28
14,2015-10-24,个人住房商业贷款(五年以上),4.41
15,2015-10-24,个人住房商业贷款(一至三年),4.28
16,2015-10-24,个人住房公积金贷款(五年以上),3.25
17,2015-10-24,个人住房公积金贷款(五年以下),2.75
18,2015-09-06,再贴现(再贴现率),2.25
19,2015-08-26,短期贷款(六个月以内),4.60
20,2015-08-26,短期贷款(六个月至一年),4.60
21,2015-08-26,中长期贷款(三至五年),5.00
22,2015-08-26,中长期贷款(五年以上),5.15
23,2015-08-26,中长期贷款(一至三年),5.00
24,2015-08-26,贴现(贴现),--
25,2015-08-26,优惠贷款(扶贫贴息贷款),--
26,2015-08-26,优惠贷款(老少边穷发展经济贷款),--
27,2015-08-26,优惠贷款(民政部门福利工厂贷款),--
28,2015-08-26,优惠贷款(民族贸易及民族用品生产贷款),--
29,2015-08-26,优惠贷款(贫困县办工业贷款),--
30,2015-08-26,个人住房商业贷款(六个月以内),4.14
31,2015-08-26,个人住房商业贷款(六个月至一年),4.14
32,2015-08-26,个人住房商业贷款(三至五年),4.50
33,2015-08-26,个人住房商业贷款(五年以上),4.63
34,2015-08-26,个人住房商业贷款(一至三年),4.50
35,2015-08-26,个人住房公积金贷款(五年以上),3.25
36,2015-08-26,个人住房公积金贷款(五年以下),2.75
37,2015-06-28,短期贷款(六个月以内),4.85
38,2015-06-28,短期贷款(六个月至一年),4.85
39,2015-06-28,中长期贷款(三至五年),5.25
40,2015-06-28,中长期贷款(五年以上),5.40
41,2015-06-28,中长期贷款(一至三年),5.25
42,2015-06-28,贴现(贴现),--
43,2015-06-28,优惠贷款(扶贫贴息贷款),--
44,2015-06-28,优惠贷款(老少边穷发展经济贷款),--
45,2015-06-28,优惠贷款(民政部门福利工厂贷款),--
46,2015-06-28,优惠贷款(民族贸易及民族用品生产贷款),--
47,2015-06-28,优惠贷款(贫困县办工业贷款),--
48,2015-06-28,个人住房商业贷款(六个月以内),4.37
49,2015-06-28,个人住房商业贷款(六个月至一年),4.37
50,2015-06-28,个人住房商业贷款(三至五年),4.72
51,2015-06-28,个人住房商业贷款(五年以上),4.86
52,2015-06-28,个人住房商业贷款(一至三年),4.72
53,2015-06-28,个人住房公积金贷款(五年以上),3.50
54,2015-06-28,个人住房公积金贷款(五年以下),3.00
55,2015-05-11,短期贷款(六个月以内),5.10
56,2015-05-11,短期贷款(六个月至一年),5.10
57,2015-05-11,中长期贷款(三至五年),5.50
58,2015-05-11,中长期贷款(五年以上),5.65
59,2015-05-11,中长期贷款(一至三年),5.50
60,2015-05-11,贴现(贴现),--
61,2015-05-11,优惠贷款(扶贫贴息贷款),--
62,2015-05-11,优惠贷款(老少边穷发展经济贷款),--
63,2015-05-11,优惠贷款(民政部门福利工厂贷款),--
64,2015-05-11,优惠贷款(民族贸易及民族用品生产贷款),--
65,2015-05-11,优惠贷款(贫困县办工业贷款),--
66,2015-05-11,个人住房商业贷款(六个月以内),4.59
67,2015-05-11,个人住房商业贷款(六个月至一年),4.59
68,2015-05-11,个人住房商业贷款(三至五年),4.95
69,2015-05-11,个人住房商业贷款(五年以上),5.08
70,2015-05-11,个人住房商业贷款(一至三年),4.95
71,2015-05-11,个人住房公积金贷款(五年以上),3.75
72,2015-05-11,个人住房公积金贷款(五年以下),3.25
73,2015-03-01,短期贷款(六个月以内),5.35
74,2015-03-01,短期贷款(六个月至一年),5.35
75,2015-03-01,中长期贷款(三至五年),5.75
76,2015-03-01,中长期贷款(五年以上),5.90
77,2015-03-01,中长期贷款(一至三年),5.75
78,2015-03-01,贴现(贴现),--
79,2015-03-01,优惠贷款(扶贫贴息贷款),--
80,2015-03-01,优惠贷款(老少边穷发展经济贷款),--
81,2015-03-01,优惠贷款(民政部门福利工厂贷款),--
82,2015-03-01,优惠贷款(民族贸易及民族用品生产贷款),--
83,2015-03-01,优惠贷款(贫困县办工业贷款),--
84,2015-03-01,个人住房商业贷款(六个月以内),4.82
85,2015-03-01,个人住房商业贷款(六个月至一年),4.82
86,2015-03-01,个人住房商业贷款(三至五年),5.17
87,2015-03-01,个人住房商业贷款(五年以上),5.31
88,2015-03-01,个人住房商业贷款(一至三年),5.17
89,2015-03-01,个人住房公积金贷款(五年以上),4.00
90,2015-03-01,个人住房公积金贷款(五年以下),3.50
91,2014-11-22,短期贷款(六个月以内),5.60
92,2014-11-22,短期贷款(六个月至一年),5.60
93,2014-11-22,中长期贷款(三至五年),6.00
94,2014-11-22,中长期贷款(五年以上),6.15
95,2014-11-22,中长期贷款(一至三年),6.00
96,2014-11-22,贴现(贴现),--
97,2014-11-22,优惠贷款(扶贫贴息贷款),--
98,2014-11-22,优惠贷款(老少边穷发展经济贷款),--
99,2014-11-22,优惠贷款(民政部门福利工厂贷款),--
100,2014-11-22,优惠贷款(民族贸易及民族用品生产贷款),--
101,2014-11-22,优惠贷款(贫困县办工业贷款),--
102,2014-11-22,个人住房商业贷款(六个月以内),5.04
103,2014-11-22,个人住房商业贷款(六个月至一年),5.04
104,2014-11-22,个人住房商业贷款(三至五年),5.40
105,2014-11-22,个人住房商业贷款(五年以上),5.54
106,2014-11-22,个人住房商业贷款(一至三年),5.40
107,2014-11-22,个人住房公积金贷款(五年以上),4.25
108,2014-11-22,个人住房公积金贷款(五年以下),3.75
109,2012-07-06,短期贷款(六个月以内),5.60
110,2012-07-06,短期贷款(六个月至一年),6.00
111,2012-07-06,中长期贷款(三至五年),6.40
112,2012-07-06,中长期贷款(五年以上),6.55
113,2012-07-06,中长期贷款(一至三年),6.15
114,2012-07-06,贴现(贴现),--
115,2012-07-06,优惠贷款(扶贫贴息贷款),--
116,2012-07-06,优惠贷款(老少边穷发展经济贷款),--
117,2012-07-06,优惠贷款(民政部门福利工厂贷款),--
118,2012-07-06,优惠贷款(民族贸易及民族用品生产贷款),--
119,2012-07-06,优惠贷款(贫困县办工业贷款),--
120,2012-07-06,个人住房商业贷款(六个月以内),5.04
121,2012-07-06,个人住房商业贷款(六个月至一年),5.40
122,2012-07-06,个人住房商业贷款(三至五年),5.76
123,2012-07-06,个人住房商业贷款(五年以上),5.89
124,2012-07-06,个人住房商业贷款(一至三年),5.54
125,2012-07-06,个人住房公积金贷款(五年以上),4.50
126,2012-07-06,个人住房公积金贷款(五年以下),4.00
127,2012-06-08,短期贷款(六个月以内),5.85
128,2012-06-08,短期贷款(六个月至一年),6.31
129,2012-06-08,中长期贷款(三至五年),6.65
130,2012-06-08,中长期贷款(五年以上),6.80
131,2012-06-08,中长期贷款(一至三年),6.40
132,2012-06-08,贴现(贴现),--
133,2012-06-08,优惠贷款(扶贫贴息贷款),3.00
134,2012-06-08,优惠贷款(老少边穷发展经济贷款),3.18
135,2012-06-08,优惠贷款(民政部门福利工厂贷款),4.62
136,2012-06-08,优惠贷款(民族贸易及民族用品生产贷款),3.43
137,2012-06-08,优惠贷款(贫困县办工业贷款),3.18
138,2012-06-08,个人住房商业贷款(六个月以内),5.26
139,2012-06-08,个人住房商业贷款(六个月至一年),5.68
140,2012-06-08,个人住房商业贷款(三至五年),5.99
141,2012-06-08,个人住房商业贷款(五年以上),6.12
142,2012-06-08,个人住房商业贷款(一至三年),5.76
143,2012-06-08,个人住房公积金贷款(五年以上),4.70
144,2012-06-08,个人住房公积金贷款(五年以下),4.20
145,2011-07-07,短期贷款(六个月以内),6.10
146,2011-07-07,短期贷款(六个月至一年),6.56
147,2011-07-07,中长期贷款(三至五年),6.90
148,2011-07-07,中长期贷款(五年以上),7.05
149,2011-07-07,中长期贷款(一至三年),6.65
150,2011-07-07,贴现(贴现),--
151,2011-07-07,优惠贷款(扶贫贴息贷款),3.00
152,2011-07-07,优惠贷款(老少边穷发展经济贷款),3.18
153,2011-07-07,优惠贷款(民政部门福利工厂贷款),4.62
154,2011-07-07,优惠贷款(民族贸易及民族用品生产贷款),3.68
155,2011-07-07,优惠贷款(贫困县办工业贷款),3.18
156,2011-07-07,个人住房商业贷款(六个月以内),5.49
157,2011-07-07,个人住房商业贷款(六个月至一年),5.90
158,2011-07-07,个人住房商业贷款(三至五年),6.21
159,2011-07-07,个人住房商业贷款(五年以上),6.34
160,2011-07-07,个人住房商业贷款(一至三年),5.99
161,2011-07-07,个人住房公积金贷款(五年以上),4.90
162,2011-07-07,个人住房公积金贷款(五年以下),4.45
163,2011-04-06,短期贷款(六个月以内),5.85
164,2011-04-06,短期贷款(六个月至一年),6.31
165,2011-04-06,中长期贷款(三至五年),6.65
166,2011-04-06,中长期贷款(五年以上),6.80
167,2011-04-06,中长期贷款(一至三年),6.40
168,2011-04-06,贴现(贴现),--
169,2011-04-06,优惠贷款(扶贫贴息贷款),3.00
170,2011-04-06,优惠贷款(老少边穷发展经济贷款),3.18
171,2011-04-06,优惠贷款(民政部门福利工厂贷款),4.62
172,2011-04-06,优惠贷款(民族贸易及民族用品生产贷款),3.43
173,2011-04-06,优惠贷款(贫困县办工业贷款),3.18
174,2011-04-06,个人住房商业贷款(六个月以内),5.26
175,2011-04-06,个人住房商业贷款(六个月至一年),5.68
176,2011-04-06,个人住房商业贷款(三至五年),5.99
177,2011-04-06,个人住房商业贷款(五年以上),6.12
178,2011-04-06,个人住房商业贷款(一至三年),5.76
179,2011-04-06,个人住房公积金贷款(五年以上),4.70
180,2011-04-06,个人住房公积金贷款(五年以下),4.20
181,2011-02-09,短期贷款(六个月以内),5.60
182,2011-02-09,短期贷款(六个月至一年),6.06
183,2011-02-09,中长期贷款(三至五年),6.45
184,2011-02-09,中长期贷款(五年以上),6.60
185,2011-02-09,中长期贷款(一至三年),6.10
186,2011-02-09,贴现(贴现),--
187,2011-02-09,优惠贷款(扶贫贴息贷款),3.00
188,2011-02-09,优惠贷款(老少边穷发展经济贷款),3.18
189,2011-02-09,优惠贷款(民政部门福利工厂贷款),4.62
190,2011-02-09,优惠贷款(民族贸易及民族用品生产贷款),3.18
191,2011-02-09,优惠贷款(贫困县办工业贷款),3.18
192,2011-02-09,个人住房商业贷款(六个月以内),5.04
193,2011-02-09,个人住房商业贷款(六个月至一年),5.45
194,2011-02-09,个人住房商业贷款(三至五年),5.80
195,2011-02-09,个人住房商业贷款(五年以上),5.94
196,2011-02-09,个人住房商业贷款(一至三年),5.49
197,2011-02-09,个人住房公积金贷款(五年以上),4.50
198,2011-02-09,个人住房公积金贷款(五年以下),4.00
199,2010-12-26,短期贷款(六个月以内),5.35
200,2010-12-26,短期贷款(六个月至一年),5.81
201,2010-12-26,中长期贷款(三至五年),6.22
202,2010-12-26,中长期贷款(五年以上),6.40
203,2010-12-26,中长期贷款(一至三年),5.85
204,2010-12-26,贴现(贴现),--
205,2010-12-26,再贴现(再贴现率),2.25
206,2010-12-26,优惠贷款(扶贫贴息贷款),3.00
207,2010-12-26,优惠贷款(老少边穷发展经济贷款),2.93
208,2010-12-26,优惠贷款(民政部门福利工厂贷款),4.37
209,2010-12-26,优惠贷款(民族贸易及民族用品生产贷款),2.93
210,2010-12-26,优惠贷款(贫困县办工业贷款),2.93
211,2010-12-26,个人住房商业贷款(六个月以内),4.82
212,2010-12-26,个人住房商业贷款(六个月至一年),5.23
213,2010-12-26,个人住房商业贷款(三至五年),5.60
214,2010-12-26,个人住房商业贷款(五年以上),5.76
215,2010-12-26,个人住房商业贷款(一至三年),5.26
216,2010-12-26,个人住房公积金贷款(五年以上),4.30
217,2010-12-26,个人住房公积金贷款(五年以下),3.75
218,2010-10-20,短期贷款(六个月以内),5.10
219,2010-10-20,短期贷款(六个月至一年),5.56
220,2010-10-20,中长期贷款(三至五年),5.96
221,2010-10-20,中长期贷款(五年以上),6.14
222,2010-10-20,中长期贷款(一至三年),5.60
223,2010-10-20,贴现(贴现),--
224,2010-10-20,优惠贷款(扶贫贴息贷款),3.00
225,2010-10-20,优惠贷款(老少边穷发展经济贷款),2.68
226,2010-10-20,优惠贷款(民政部门福利工厂贷款),4.12
227,2010-10-20,优惠贷款(民族贸易及民族用品生产贷款),2.68
228,2010-10-20,优惠贷款(贫困县办工业贷款),2.68
229,2010-10-20,个人住房商业贷款(六个月以内),4.59
230,2010-10-20,个人住房商业贷款(六个月至一年),5.00
231,2010-10-20,个人住房商业贷款(三至五年),5.36
232,2010-10-20,个人住房商业贷款(五年以上),5.53
233,2010-10-20,个人住房商业贷款(一至三年),5.04
234,2010-10-20,个人住房公积金贷款(五年以上),4.05
235,2010-10-20,个人住房公积金贷款(五年以下),3.50
236,2008-12-23,短期贷款(六个月以内),4.86
237,2008-12-23,短期贷款(六个月至一年),5.31
238,2008-12-23,中长期贷款(三至五年),5.76
239,2008-12-23,中长期贷款(五年以上),5.94
240,2008-12-23,中长期贷款(一至三年),5.40
241,2008-12-23,贴现(贴现),--
242,2008-12-23,再贴现(再贴现率),1.80
243,2008-12-23,优惠贷款(扶贫贴息贷款),3.00
244,2008-12-23,优惠贷款(老少边穷发展经济贷款),2.43
245,2008-12-23,优惠贷款(民政部门福利工厂贷款),3.87
246,2008-12-23,优惠贷款(民族贸易及民族用品生产贷款),2.43
247,2008-12-23,优惠贷款(贫困县办工业贷款),2.43
248,2008-12-23,个人住房商业贷款(六个月以内),4.37
249,2008-12-23,个人住房商业贷款(六个月至一年),4.78
250,2008-12-23,个人住房商业贷款(三至五年),5.18
251,2008-12-23,个人住房商业贷款(五年以上),5.35
252,2008-12-23,个人住房商业贷款(一至三年),4.86
253,2008-12-23,个人住房公积金贷款(五年以上),3.87
254,2008-12-23,个人住房公积金贷款(五年以下),3.33
255,2008-11-27,短期贷款(六个月以内),5.04
256,2008-11-27,短期贷款(六个月至一年),5.58
257,2008-11-27,中长期贷款(三至五年),5.94
258,2008-11-27,中长期贷款(五年以上),6.12
259,2008-11-27,中长期贷款(一至三年),5.67
260,2008-11-27,贴现(贴现),--
261,2008-11-27,再贴现(再贴现率),2.97
262,2008-11-27,优惠贷款(扶贫贴息贷款),3.00
263,2008-11-27,优惠贷款(老少边穷发展经济贷款),2.70
264,2008-11-27,优惠贷款(民政部门福利工厂贷款),4.14
265,2008-11-27,优惠贷款(民族贸易及民族用品生产贷款),2.70
266,2008-11-27,优惠贷款(贫困县办工业贷款),2.70
267,2008-11-27,个人住房商业贷款(六个月以内),4.54
268,2008-11-27,个人住房商业贷款(六个月至一年),5.02
269,2008-11-27,个人住房商业贷款(三至五年),5.35
270,2008-11-27,个人住房商业贷款(五年以上),5.51
271,2008-11-27,个人住房商业贷款(一至三年),5.10
272,2008-11-27,个人住房公积金贷款(五年以上),4.05
273,2008-11-27,个人住房公积金贷款(五年以下),3.51
274,2008-10-30,短期贷款(六个月以内),6.03
275,2008-10-30,短期贷款(六个月至一年),6.66
276,2008-10-30,中长期贷款(三至五年),7.02
277,2008-10-30,中长期贷款(五年以上),7.20
278,2008-10-30,中长期贷款(一至三年),6.75
279,2008-10-30,贴现(贴现),--
280,2008-10-30,优惠贷款(扶贫贴息贷款),3.00
281,2008-10-30,优惠贷款(老少边穷发展经济贷款),3.78
282,2008-10-30,优惠贷款(民政部门福利工厂贷款),5.22
283,2008-10-30,优惠贷款(民族贸易及民族用品生产贷款),3.78
284,2008-10-30,优惠贷款(贫困县办工业贷款),3.78
285,2008-10-30,个人住房商业贷款(六个月以内),5.43
286,2008-10-30,个人住房商业贷款(六个月至一年),5.99
287,2008-10-30,个人住房商业贷款(三至五年),6.32
288,2008-10-30,个人住房商业贷款(五年以上),6.48
289,2008-10-30,个人住房商业贷款(一至三年),6.08
290,2008-10-30,个人住房公积金贷款(五年以上),4.59
291,2008-10-30,个人住房公积金贷款(五年以下),4.05
292,2008-10-09,短期贷款(六个月以内),6.12
293,2008-10-09,短期贷款(六个月至一年),6.93
294,2008-10-09,中长期贷款(三至五年),7.29
295,2008-10-09,中长期贷款(五年以上),7.47
296,2008-10-09,中长期贷款(一至三年),7.02
297,2008-10-09,贴现(贴现),--
298,2008-10-09,优惠贷款(扶贫贴息贷款),3.00
299,2008-10-09,优惠贷款(老少边穷发展经济贷款),4.05
300,2008-10-09,优惠贷款(民政部门福利工厂贷款),5.49
301,2008-10-09,优惠贷款(民族贸易及民族用品生产贷款),4.05
302,2008-10-09,优惠贷款(贫困县办工业贷款),4.05
303,2008-10-09,个人住房商业贷款(六个月以内),5.51
304,2008-10-09,个人住房商业贷款(六个月至一年),6.24
305,2008-10-09,个人住房商业贷款(三至五年),6.56
306,2008-10-09,个人住房商业贷款(五年以上),6.72
307,2008-10-09,个人住房商业贷款(一至三年),6.32
308,2008-10-09,个人住房公积金贷款(五年以上),4.86
309,2008-10-09,个人住房公积金贷款(五年以下),4.32
310,2008-09-16,短期贷款(六个月以内),6.21
311,2008-09-16,短期贷款(六个月至一年),7.20
312,2008-09-16,中长期贷款(三至五年),7.56
313,2008-09-16,中长期贷款(五年以上),7.74
314,2008-09-16,中长期贷款(一至三年),7.29
315,2008-09-16,贴现(贴现),--
316,2008-09-16,优惠贷款(扶贫贴息贷款),3.00
317,2008-09-16,优惠贷款(老少边穷发展经济贷款),4.32
318,2008-09-16,优惠贷款(民政部门福利工厂贷款),5.76
319,2008-09-16,优惠贷款(民族贸易及民族用品生产贷款),4.32
320,2008-09-16,优惠贷款(贫困县办工业贷款),4.32
321,2008-09-16,个人住房商业贷款(六个月以内),5.59
322,2008-09-16,个人住房商业贷款(六个月至一年),6.48
323,2008-09-16,个人住房商业贷款(三至五年),6.80
324,2008-09-16,个人住房商业贷款(五年以上),6.97
325,2008-09-16,个人住房商业贷款(一至三年),6.56
326,2008-09-16,个人住房公积金贷款(五年以上),5.13
327,2008-09-16,个人住房公积金贷款(五年以下),4.59
328,2008-01-01,再贴现(再贴现率),4.32
329,2007-12-21,短期贷款(六个月以内),6.57
330,2007-12-21,短期贷款(六个月至一年),7.47
331,2007-12-21,中长期贷款(三至五年),7.74
332,2007-12-21,中长期贷款(五年以上),7.83
333,2007-12-21,中长期贷款(一至三年),7.56
334,2007-12-21,贴现(贴现),--
335,2007-12-21,优惠贷款(扶贫贴息贷款),3.00
336,2007-12-21,优惠贷款(老少边穷发展经济贷款),4.59
337,2007-12-21,优惠贷款(民政部门福利工厂贷款),6.03
338,2007-12-21,优惠贷款(民族贸易及民族用品生产贷款),4.59
339,2007-12-21,优惠贷款(贫困县办工业贷款),4.59
340,2007-12-21,个人住房商业贷款(六个月以内),5.91
341,2007-12-21,个人住房商业贷款(六个月至一年),6.72
342,2007-12-21,个人住房商业贷款(三至五年),6.97
343,2007-12-21,个人住房商业贷款(五年以上),7.05
344,2007-12-21,个人住房商业贷款(一至三年),6.80
345,2007-12-21,个人住房公积金贷款(五年以上),5.22
346,2007-12-21,个人住房公积金贷款(五年以下),4.77
347,2007-09-15,短期贷款(六个月以内),6.48
348,2007-09-15,短期贷款(六个月至一年),7.29
349,2007-09-15,中长期贷款(三至五年),7.65
350,2007-09-15,中长期贷款(五年以上),7.83
351,2007-09-15,中长期贷款(一至三年),7.47
352,2007-09-15,贴现(贴现),--
353,2007-09-15,优惠贷款(扶贫贴息贷款),3.00
354,2007-09-15,优惠贷款(老少边穷发展经济贷款),4.41
355,2007-09-15,优惠贷款(民政部门福利工厂贷款),5.85
356,2007-09-15,优惠贷款(民族贸易及民族用品生产贷款),4.41
357,2007-09-15,优惠贷款(贫困县办工业贷款),4.41
358,2007-09-15,个人住房商业贷款(六个月以内),5.83
359,2007-09-15,个人住房商业贷款(六个月至一年),6.56
360,2007-09-15,个人住房商业贷款(三至五年),6.88
361,2007-09-15,个人住房商业贷款(五年以上),7.05
362,2007-09-15,个人住房商业贷款(一至三年),6.72
363,2007-09-15,个人住房公积金贷款(五年以上),5.22
364,2007-09-15,个人住房公积金贷款(五年以下),4.77
365,2007-08-22,短期贷款(六个月以内),6.21
366,2007-08-22,短期贷款(六个月至一年),7.02
367,2007-08-22,中长期贷款(三至五年),7.38
368,2007-08-22,中长期贷款(五年以上),7.56
369,2007-08-22,中长期贷款(一至三年),7.20
370,2007-08-22,贴现(贴现),--
371,2007-08-22,优惠贷款(扶贫贴息贷款),3.00
372,2007-08-22,优惠贷款(老少边穷发展经济贷款),4.14
373,2007-08-22,优惠贷款(民政部门福利工厂贷款),5.58
374,2007-08-22,优惠贷款(民族贸易及民族用品生产贷款),4.14
375,2007-08-22,优惠贷款(贫困县办工业贷款),4.14
376,2007-08-22,个人住房商业贷款(六个月以内),5.59
377,2007-08-22,个人住房商业贷款(六个月至一年),6.32
378,2007-08-22,个人住房商业贷款(三至五年),6.64
379,2007-08-22,个人住房商业贷款(五年以上),6.80
380,2007-08-22,个人住房商业贷款(一至三年),6.48
381,2007-08-22,个人住房公积金贷款(五年以上),5.04
382,2007-08-22,个人住房公积金贷款(五年以下),4.59
383,2007-07-21,短期贷款(六个月以内),6.03
384,2007-07-21,短期贷款(六个月至一年),6.84
385,2007-07-21,中长期贷款(三至五年),7.20
386,2007-07-21,中长期贷款(五年以上),7.38
387,2007-07-21,中长期贷款(一至三年),7.02
388,2007-07-21,贴现(贴现),--
389,2007-07-21,优惠贷款(扶贫贴息贷款),3.00
390,2007-07-21,优惠贷款(老少边穷发展经济贷款),3.96
391,2007-07-21,优惠贷款(民政部门福利工厂贷款),5.40
392,2007-07-21,优惠贷款(民族贸易及民族用品生产贷款),3.96
393,2007-07-21,优惠贷款(贫困县办工业贷款),3.96
394,2007-07-21,个人住房商业贷款(六个月以内),5.43
395,2007-07-21,个人住房商业贷款(六个月至一年),6.16
396,2007-07-21,个人住房商业贷款(三至五年),6.48
397,2007-07-21,个人住房商业贷款(五年以上),6.64
398,2007-07-21,个人住房商业贷款(一至三年),6.32
399,2007-07-21,个人住房公积金贷款(五年以上),4.95
400,2007-07-21,个人住房公积金贷款(五年以下),4.50
401,2007-05-19,短期贷款(六个月以内),5.85
402,2007-05-19,短期贷款(六个月至一年),6.57
403,2007-05-19,中长期贷款(三至五年),6.93
404,2007-05-19,中长期贷款(五年以上),7.20
405,2007-05-19,中长期贷款(一至三年),6.75
406,2007-05-19,贴现(贴现),--
407,2007-05-19,优惠贷款(成套和高技术含量),3.51
408,2007-05-19,优惠贷款(低技术含量和一般产品),4.23
409,2007-05-19,优惠贷款(扶贫贴息贷款),3.00
410,2007-05-19,优惠贷款(广深珠高速公路贷款),3.87
411,2007-05-19,优惠贷款(老少边穷发展经济贷款),3.69
412,2007-05-19,优惠贷款(民政部门福利工厂贷款),5.13
413,2007-05-19,优惠贷款(民族贸易及民族用品生产贷款),3.69
414,2007-05-19,优惠贷款(贫困县办工业贷款),3.69
415,2007-05-19,优惠贷款(特区、开发区差别利率贷款（五年以内）),2.88
416,2007-05-19,优惠贷款(特区、开发区差别利率贷款（五年以上）),4.32
417,2007-05-19,优惠贷款(银行系统印制企业基建储备贷款),4.68
418,2007-05-19,优惠贷款(中国进出口银行出口卖方信贷),--
419,2007-05-19,个人住房商业贷款(六个月以内),5.26
420,2007-05-19,个人住房商业贷款(六个月至一年),5.91
421,2007-05-19,个人住房商业贷款(三至五年),6.24
422,2007-05-19,个人住房商业贷款(五年以上),6.48
423,2007-05-19,个人住房商业贷款(一至三年),6.08
424,2007-05-19,个人住房公积金贷款(五年以上),4.86
425,2007-05-19,个人住房公积金贷款(五年以下),4.41
426,2007-05-19,流动资产贷款(流动资产贷款利率),--
427,2007-03-18,短期贷款(六个月以内),5.67
428,2007-03-18,短期贷款(六个月至一年),6.39
429,2007-03-18,中长期贷款(三至五年),6.75
430,2007-03-18,中长期贷款(五年以上),7.11
431,2007-03-18,中长期贷款(一至三年),6.57
432,2007-03-18,贴现(贴现),--
433,2007-03-18,优惠贷款(成套和高技术含量),3.51
434,2007-03-18,优惠贷款(低技术含量和一般产品),4.23
435,2007-03-18,优惠贷款(扶贫贴息贷款),3.00
436,2007-03-18,优惠贷款(广深珠高速公路贷款),3.87
437,2007-03-18,优惠贷款(老少边穷发展经济贷款),3.51
438,2007-03-18,优惠贷款(民政部门福利工厂贷款),4.95
439,2007-03-18,优惠贷款(民族贸易及民族用品生产贷款),3.51
440,2007-03-18,优惠贷款(贫困县办工业贷款),3.51
441,2007-03-18,优惠贷款(特区、开发区差别利率贷款（五年以内）),2.88
442,2007-03-18,优惠贷款(特区、开发区差别利率贷款（五年以上）),4.32
443,2007-03-18,优惠贷款(银行系统印制企业基建储备贷款),4.68
444,2007-03-18,优惠贷款(中国进出口银行出口卖方信贷),--
445,2007-03-18,个人住房商业贷款(六个月以内),5.10
446,2007-03-18,个人住房商业贷款(六个月至一年),5.75
447,2007-03-18,个人住房商业贷款(三至五年),6.08
448,2007-03-18,个人住房商业贷款(五年以上),6.40
449,2007-03-18,个人住房商业贷款(一至三年),5.91
450,2007-03-18,个人住房公积金贷款(五年以上),4.77
451,2007-03-18,个人住房公积金贷款(五年以下),4.32
452,2007-03-18,流动资产贷款(流动资产贷款利率),--
453,2006-08-19,短期贷款(六个月以内),5.58
454,2006-08-19,短期贷款(六个月至一年),6.12
455,2006-08-19,中长期贷款(三至五年),6.48
456,2006-08-19,中长期贷款(五年以上),6.84
457,2006-08-19,中长期贷款(一至三年),6.30
458,2006-08-19,贴现(贴现),--
459,2006-08-19,优惠贷款(成套和高技术含量),3.51
460,2006-08-19,优惠贷款(低技术含量和一般产品),4.23
461,2006-08-19,优惠贷款(扶贫贴息贷款),3.00
462,2006-08-19,优惠贷款(广深珠高速公路贷款),3.87
463,2006-08-19,优惠贷款(老少边穷发展经济贷款),3.24
464,2006-08-19,优惠贷款(民政部门福利工厂贷款),4.68
465,2006-08-19,优惠贷款(民族贸易及民族用品生产贷款),3.24
466,2006-08-19,优惠贷款(贫困县办工业贷款),3.24
467,2006-08-19,优惠贷款(特区、开发区差别利率贷款（五年以内）),2.88
468,2006-08-19,优惠贷款(特区、开发区差别利率贷款（五年以上）),4.32
469,2006-08-19,优惠贷款(银行系统印制企业基建储备贷款),4.68
470,2006-08-19,优惠贷款(中国进出口银行出口卖方信贷),--
471,2006-08-19,个人住房商业贷款(六个月以内),5.02
472,2006-08-19,个人住房商业贷款(六个月至一年),5.51
473,2006-08-19,个人住房商业贷款(三至五年),5.83
474,2006-08-19,个人住房商业贷款(五年以上),6.16
475,2006-08-19,个人住房商业贷款(一至三年),5.67
476,2006-08-19,个人住房公积金贷款(五年以上),4.59
477,2006-08-19,个人住房公积金贷款(五年以下),4.14
478,2006-08-19,流动资产贷款(流动资产贷款利率),--
479,2006-04-28,短期贷款(六个月以内),5.40
480,2006-04-28,短期贷款(六个月至一年),5.85
481,2006-04-28,中长期贷款(三至五年),6.12
482,2006-04-28,中长期贷款(五年以上),6.39
483,2006-04-28,中长期贷款(一至三年),6.03
484,2006-04-28,贴现(贴现),--
485,2006-04-28,优惠贷款(成套和高技术含量),3.51
486,2006-04-28,优惠贷款(低技术含量和一般产品),4.23
487,2006-04-28,优惠贷款(扶贫贴息贷款),3.00
488,2006-04-28,优惠贷款(广深珠高速公路贷款),3.87
489,2006-04-28,优惠贷款(老少边穷发展经济贷款),2.97
490,2006-04-28,优惠贷款(民政部门福利工厂贷款),4.41
491,2006-04-28,优惠贷款(民族贸易及民族用品生产贷款),2.97
492,2006-04-28,优惠贷款(贫困县办工业贷款),2.97
493,2006-04-28,优惠贷款(特区、开发区差别利率贷款（五年以内）),2.88
494,2006-04-28,优惠贷款(特区、开发区差别利率贷款（五年以上）),4.32
495,2006-04-28,优惠贷款(银行系统印制企业基建储备贷款),4.68
496,2006-04-28,优惠贷款(中国进出口银行出口卖方信贷),--
497,2006-04-28,个人住房商业贷款(六个月以内),4.86
498,2006-04-28,个人住房商业贷款(六个月至一年),5.26
499,2006-04-28,个人住房商业贷款(三至五年),5.51
500,2006-04-28,个人住房商业贷款(五年以上),5.75
501,2006-04-28,个人住房商业贷款(一至三年),5.43
502,2006-04-28,个人住房公积金贷款(五年以上),4.59
503,2006-04-28,个人住房公积金贷款(五年以下),4.14
504,2006-04-28,流动资产贷款(流动资产贷款利率),--
505,2005-03-17,再贴现(再贴现率),3.24
506,2005-03-17,个人住房商业贷款(一至六个月（含六个月）),5.22
507,2004-10-29,短期贷款(六个月以内),5.22
508,2004-10-29,短期贷款(六个月至一年),5.58
509,2004-10-29,中长期贷款(三至五年),5.85
510,2004-10-29,中长期贷款(五年以上),6.12
511,2004-10-29,中长期贷款(一至三年),5.76
512,2004-10-29,贴现(贴现),--
513,2004-10-29,优惠贷款(成套和高技术含量),3.51
514,2004-10-29,优惠贷款(低技术含量和一般产品),4.23
515,2004-10-29,优惠贷款(扶贫贴息贷款),3.00
516,2004-10-29,优惠贷款(广深珠高速公路贷款),3.87
517,2004-10-29,优惠贷款(老少边穷发展经济贷款),2.70
518,2004-10-29,优惠贷款(民政部门福利工厂贷款),4.14
519,2004-10-29,优惠贷款(民族贸易及民族用品生产贷款),2.70
520,2004-10-29,优惠贷款(贫困县办工业贷款),2.70
521,2004-10-29,优惠贷款(特区、开发区差别利率贷款（五年以内）),2.88
522,2004-10-29,优惠贷款(特区、开发区差别利率贷款（五年以上）),4.32
523,2004-10-29,优惠贷款(银行系统印制企业基建储备贷款),4.68
524,2004-10-29,优惠贷款(中国进出口银行出口卖方信贷),--
525,2004-10-29,个人住房商业贷款(六个月以内),4.70
526,2004-10-29,个人住房商业贷款(六个月至一年),5.02
527,2004-10-29,个人住房商业贷款(三至五年),5.26
528,2004-10-29,个人住房商业贷款(五年以上),5.51
529,2004-10-29,个人住房商业贷款(一至三年),5.18
530,2004-10-29,个人住房公积金贷款(五年以上),4.23
531,2004-10-29,个人住房公积金贷款(五年以下),3.78
532,2004-10-29,流动资产贷款(流动资产贷款利率),--
533,2004-03-25,再贴现(再贴现率),3.24
534,2004-01-01,罚息(挤占挪用贷款),--
535,2004-01-01,罚息(逾期贷款),--
536,2003-12-21,再贴现(再贴现率),2.97
537,2002-02-21,短期贷款(六个月以内),5.04
538,2002-02-21,短期贷款(六个月至一年),5.31
539,2002-02-21,中长期贷款(三至五年),5.58
540,2002-02-21,中长期贷款(五年以上),5.76
541,2002-02-21,中长期贷款(一至三年),5.49
542,2002-02-21,贴现(贴现),--
543,2002-02-21,再贴现(再贴现率),2.97
544,2002-02-21,优惠贷款(成套和高技术含量),3.51
545,2002-02-21,优惠贷款(低技术含量和一般产品),4.23
546,2002-02-21,优惠贷款(扶贫贴息贷款),3.00
547,2002-02-21,优惠贷款(广深珠高速公路贷款),3.87
548,2002-02-21,优惠贷款(老少边穷发展经济贷款),2.43
549,2002-02-21,优惠贷款(民政部门福利工厂贷款),3.87
550,2002-02-21,优惠贷款(民族贸易及民族用品生产贷款),2.43
551,2002-02-21,优惠贷款(贫困县办工业贷款),2.43
552,2002-02-21,优惠贷款(特区、开发区差别利率贷款（五年以内）),2.88
553,2002-02-21,优惠贷款(特区、开发区差别利率贷款（五年以上）),4.32
554,2002-02-21,优惠贷款(银行系统印制企业基建储备贷款),4.68
555,2002-02-21,优惠贷款(中国进出口银行出口卖方信贷),--
556,2002-02-21,个人住房商业贷款(六个月以内),4.54
557,2002-02-21,个人住房商业贷款(六个月至一年),4.78
558,2002-02-21,个人住房商业贷款(三至五年),5.02
559,2002-02-21,个人住房商业贷款(五年以上),5.18
560,2002-02-21,个人住房商业贷款(一至三年),4.94
561,2002-02-21,个人住房公积金贷款(五年以上),4.05
562,2002-02-21,个人住房公积金贷款(五年以下),3.60
563,2002-02-21,罚息(挤占挪用贷款),18.00
564,2002-02-21,罚息(逾期贷款),7.56
565,2002-02-21,流动资产贷款(流动资产贷款利率),--
566,2001-09-11,再贴现(再贴现率),2.97
567,1999-06-10,短期贷款(六个月以内),5.58
568,1999-06-10,短期贷款(六个月至一年),5.85
569,1999-06-10,中长期贷款(三至五年),6.03
570,1999-06-10,中长期贷款(五年以上),6.21
571,1999-06-10,中长期贷款(一至三年),5.94
572,1999-06-10,贴现(贴现),--
573,1999-06-10,再贴现(再贴现率),2.16
574,1999-06-10,优惠贷款(扶贫贴息贷款),2.88
575,1999-06-10,优惠贷款(老少边穷发展经济贷款),2.97
576,1999-06-10,优惠贷款(民政部门福利工厂贷款),4.41
577,1999-06-10,优惠贷款(民族贸易及民族用品生产贷款),2.97
578,1999-06-10,优惠贷款(贫困县办工业贷款),2.97
579,1999-06-10,个人住房商业贷款(六个月以内),5.02
580,1999-06-10,个人住房商业贷款(六个月至一年),5.26
581,1999-06-10,个人住房商业贷款(三至五年),5.43
582,1999-06-10,个人住房商业贷款(五年以上),5.59
583,1999-06-10,个人住房商业贷款(一至三年),5.35
584,1999-06-10,个人住房公积金贷款(五年以上),4.59
585,1999-06-10,个人住房公积金贷款(五年以下),4.14
586,1998-12-07,短期贷款(六个月以内),6.12
587,1998-12-07,短期贷款(六个月至一年),6.39
588,1998-12-07,中长期贷款(三至五年),7.20
589,1998-12-07,中长期贷款(五年以上),7.56
590,1998-12-07,中长期贷款(一至三年),6.66
591,1998-12-07,贴现(贴现),--
592,1998-12-07,再贴现(再贴现率),3.96
593,1998-12-07,优惠贷款(扶贫贴息贷款),2.88
594,1998-12-07,优惠贷款(老少边穷发展经济贷款),3.60
595,1998-12-07,优惠贷款(民政部门福利工厂贷款),5.04
596,1998-12-07,优惠贷款(民族贸易及民族用品生产贷款),3.60
597,1998-12-07,优惠贷款(贫困县办工业贷款),3.60
598,1998-12-07,个人住房商业贷款(六个月以内),5.51
599,1998-12-07,个人住房商业贷款(六个月至一年),5.75
600,1998-12-07,个人住房商业贷款(三至五年),6.48
601,1998-12-07,个人住房商业贷款(五年以上),6.80
602,1998-12-07,个人住房商业贷款(一至三年),5.99
603,1998-12-07,个人住房公积金贷款(五年以上),--
604,1998-12-07,个人住房公积金贷款(五年以下),--
605,1998-07-01,短期贷款(六个月以内),6.57
606,1998-07-01,短期贷款(六个月至一年),6.93
607,1998-07-01,中长期贷款(三至五年),7.65
608,1998-07-01,中长期贷款(五年以上),8.01
609,1998-07-01,中长期贷款(一至三年),7.11
610,1998-07-01,贴现(贴现),--
611,1998-07-01,再贴现(再贴现率),4.32
612,1998-07-01,优惠贷款(扶贫贴息贷款),2.88
613,1998-07-01,优惠贷款(老少边穷发展经济贷款),4.05
614,1998-07-01,优惠贷款(民政部门福利工厂贷款),5.49
615,1998-07-01,优惠贷款(民族贸易及民族用品生产贷款),4.05
616,1998-07-01,优惠贷款(贫困县办工业贷款),4.05
617,1998-07-01,个人住房商业贷款(六个月以内),5.91
618,1998-07-01,个人住房商业贷款(六个月至一年),6.24
619,1998-07-01,个人住房商业贷款(三至五年),6.88
620,1998-07-01,个人住房商业贷款(五年以上),7.21
621,1998-07-01,个人住房商业贷款(一至三年),6.40
622,1998-07-01,个人住房公积金贷款(五年以上),--
623,1998-07-01,个人住房公积金贷款(五年以下),--
624,1998-03-25,短期贷款(六个月以内),7.02
625,1998-03-25,短期贷款(六个月至一年),7.92
626,1998-03-25,中长期贷款(三至五年),9.72
627,1998-03-25,中长期贷款(五年以上),10.35
628,1998-03-25,中长期贷款(一至三年),9.00
629,1998-03-25,贴现(贴现),--
630,1998-03-25,优惠贷款(扶贫贴息贷款),2.88
631,1998-03-25,优惠贷款(老少边穷发展经济贷款),5.04
632,1998-03-25,优惠贷款(民政部门福利工厂贷款),6.48
633,1998-03-25,优惠贷款(民族贸易及民族用品生产贷款),5.04
634,1998-03-25,优惠贷款(贫困县办工业贷款),5.04
635,1998-03-25,个人住房商业贷款(六个月以内),6.32
636,1998-03-25,个人住房商业贷款(六个月至一年),7.13
637,1998-03-25,个人住房商业贷款(三至五年),8.75
638,1998-03-25,个人住房商业贷款(五年以上),9.31
639,1998-03-25,个人住房商业贷款(一至三年),8.10
640,1998-03-25,个人住房公积金贷款(五年以上),--
641,1998-03-25,个人住房公积金贷款(五年以下),--
642,1998-03-21,再贴现(再贴现率),6.03
643,1997-10-23,短期贷款(六个月以内),7.65
644,1997-10-23,短期贷款(六个月至一年),8.64
645,1997-10-23,中长期贷款(三至五年),9.90
646,1997-10-23,中长期贷款(五年以上),10.53
647,1997-10-23,中长期贷款(一至三年),9.36
648,1997-10-23,贴现(贴现),--
649,1997-10-23,再贴现(再贴现率),--
650,1997-10-23,优惠贷款(扶贫贴息贷款),2.88
651,1997-10-23,优惠贷款(老少边穷发展经济贷款),5.76
652,1997-10-23,优惠贷款(民政部门福利工厂贷款),7.20
653,1997-10-23,优惠贷款(民族贸易及民族用品生产贷款),5.76
654,1997-10-23,优惠贷款(贫困县办工业贷款),5.76
655,1997-10-23,个人住房商业贷款(六个月以内),6.88
656,1997-10-23,个人住房商业贷款(六个月至一年),7.78
657,1997-10-23,个人住房商业贷款(三至五年),8.91
658,1997-10-23,个人住房商业贷款(五年以上),9.48
659,1997-10-23,个人住房商业贷款(一至三年),8.42
660,1997-10-23,个人住房公积金贷款(五年以上),--
661,1997-10-23,个人住房公积金贷款(五年以下),--
662,1996-08-23,短期贷款(六个月以内),9.18
663,1996-08-23,短期贷款(六个月至一年),10.08
664,1996-08-23,中长期贷款(三至五年),11.70
665,1996-08-23,中长期贷款(五年以上),12.42
666,1996-08-23,中长期贷款(一至三年),10.98
667,1996-08-23,贴现(贴现),--
668,1996-08-23,再贴现(再贴现率),--
669,1996-08-23,优惠贷款(扶贫贴息贷款),2.88
670,1996-08-23,优惠贷款(老少边穷发展经济贷款),7.20
671,1996-08-23,优惠贷款(民政部门福利工厂贷款),8.64
672,1996-08-23,优惠贷款(民族贸易及民族用品生产贷款),7.20
673,1996-08-23,优惠贷款(贫困县办工业贷款),7.20
674,1996-08-23,个人住房商业贷款(六个月以内),8.26
675,1996-08-23,个人住房商业贷款(六个月至一年),9.07
676,1996-08-23,个人住房商业贷款(三至五年),10.53
677,1996-08-23,个人住房商业贷款(五年以上),11.18
678,1996-08-23,个人住房商业贷款(一至三年),9.88
679,1996-08-23,个人住房公积金贷款(五年以上),--
680,1996-08-23,个人住房公积金贷款(五年以下),--
681,1996-05-01,短期贷款(六个月以内),9.72
682,1996-05-01,短期贷款(六个月至一年),10.98
683,1996-05-01,中长期贷款(三至五年),14.94
684,1996-05-01,中长期贷款(五年以上),15.12
685,1996-05-01,中长期贷款(一至三年),13.14
686,1996-05-01,贴现(贴现),--
687,1996-05-01,再贴现(再贴现率),--
688,1996-05-01,优惠贷款(扶贫贴息贷款),2.88
689,1996-05-01,优惠贷款(老少边穷发展经济贷款),8.10
690,1996-05-01,优惠贷款(民政部门福利工厂贷款),9.54
691,1996-05-01,优惠贷款(民族贸易及民族用品生产贷款),8.10
692,1996-05-01,优惠贷款(贫困县办工业贷款),8.10
693,1996-05-01,个人住房商业贷款(六个月以内),8.75
694,1996-05-01,个人住房商业贷款(六个月至一年),9.88
695,1996-05-01,个人住房商业贷款(三至五年),13.45
696,1996-05-01,个人住房商业贷款(五年以上),13.61
697,1996-05-01,个人住房商业贷款(一至三年),11.83
698,1996-05-01,个人住房公积金贷款(五年以上),--
699,1996-05-01,个人住房公积金贷款(五年以下),--
700,1995-07-01,短期贷款(六个月以内),10.08
701,1995-07-01,短期贷款(六个月至一年),12.06
702,1995-07-01,中长期贷款(三至五年),15.12
703,1995-07-01,中长期贷款(五年以上),15.30
704,1995-07-01,中长期贷款(一至三年),13.50
705,1995-07-01,贴现(贴现),--
706,1995-07-01,优惠贷款(扶贫贴息贷款),2.88
707,1995-07-01,优惠贷款(老少边穷发展经济贷款),9.36
708,1995-07-01,优惠贷款(民政部门福利工厂贷款),10.62
709,1995-07-01,优惠贷款(民族贸易及民族用品生产贷款),9.36
710,1995-07-01,优惠贷款(贫困县办工业贷款),9.36
711,1995-07-01,个人住房商业贷款(六个月以内),9.07
712,1995-07-01,个人住房商业贷款(六个月至一年),10.85
713,1995-07-01,个人住房商业贷款(三至五年),13.61
714,1995-07-01,个人住房商业贷款(五年以上),13.77
715,1995-07-01,个人住房商业贷款(一至三年),12.15
716,1995-07-01,个人住房公积金贷款(五年以上),--
717,1995-07-01,个人住房公积金贷款(五年以下),--
718,1995-01-01,短期贷款(六个月以内),9.00
719,1995-01-01,短期贷款(六个月至一年),10.98
720,1995-01-01,中长期贷款(三至五年),14.58
721,1995-01-01,中长期贷款(五年以上),14.76
722,1995-01-01,中长期贷款(一至三年),12.96
723,1995-01-01,贴现(贴现),--
724,1995-01-01,优惠贷款(扶贫贴息贷款),2.88
725,1995-01-01,优惠贷款(老少边穷发展经济贷款),6.48
726,1995-01-01,优惠贷款(民政部门福利工厂贷款),7.92
727,1995-01-01,优惠贷款(民族贸易及民族用品生产贷款),6.48
728,1995-01-01,优惠贷款(贫困县办工业贷款),6.48
729,1995-01-01,个人住房商业贷款(六个月以内),8.10
730,1995-01-01,个人住房商业贷款(六个月至一年),9.88
731,1995-01-01,个人住房商业贷款(三至五年),13.12
732,1995-01-01,个人住房商业贷款(五年以上),13.28
733,1995-01-01,个人住房商业贷款(一至三年),11.66
734,1995-01-01,个人住房公积金贷款(五年以上),--
735,1995-01-01,个人住房公积金贷款(五年以下),--
736,1993-07-11,短期贷款(六个月以内),9.00
737,1993-07-11,短期贷款(六个月至一年),10.98
738,1993-07-11,中长期贷款(三至五年),13.86
739,1993-07-11,中长期贷款(五年以上),14.04
740,1993-07-11,中长期贷款(一至三年),12.24
741,1993-07-11,贴现(贴现),--
742,1993-07-11,优惠贷款(扶贫贴息贷款),2.88
743,1993-07-11,优惠贷款(老少边穷发展经济贷款),6.48
744,1993-07-11,优惠贷款(民政部门福利工厂贷款),7.92
745,1993-07-11,优惠贷款(民族贸易及民族用品生产贷款),6.48
746,1993-07-11,优惠贷款(贫困县办工业贷款),6.48
747,1993-07-11,个人住房商业贷款(六个月以内),8.10
748,1993-07-11,个人住房商业贷款(六个月至一年),9.88
749,1993-07-11,个人住房商业贷款(三至五年),12.47
750,1993-07-11,个人住房商业贷款(五年以上),12.64
751,1993-07-11,个人住房商业贷款(一至三年),11.02
752,1993-07-11,个人住房公积金贷款(五年以上),--
753,1993-07-11,个人住房公积金贷款(五年以下),--
754,1993-05-15,短期贷款(六个月以内),8.82
755,1993-05-15,短期贷款(六个月至一年),9.36
756,1993-05-15,中长期贷款(三至五年),12.06
757,1993-05-15,中长期贷款(五年以上),12.24
758,1993-05-15,中长期贷款(一至三年),10.80
759,1993-05-15,贴现(贴现),--
760,1993-05-15,优惠贷款(扶贫贴息贷款),2.88
761,1993-05-15,优惠贷款(老少边穷发展经济贷款),6.48
762,1993-05-15,优惠贷款(民政部门福利工厂贷款),7.92
763,1993-05-15,优惠贷款(民族贸易及民族用品生产贷款),6.48
764,1993-05-15,优惠贷款(贫困县办工业贷款),6.48
765,1993-05-15,个人住房商业贷款(六个月以内),7.94
766,1993-05-15,个人住房商业贷款(六个月至一年),8.42
767,1993-05-15,个人住房商业贷款(三至五年),10.85
768,1993-05-15,个人住房商业贷款(五年以上),11.02
769,1993-05-15,个人住房商业贷款(一至三年),9.72
770,1993-05-15,个人住房公积金贷款(五年以上),--
771,1993-05-15,个人住房公积金贷款(五年以下),--
772,1993-05-12,特种贷款(特种贷款利率),11.25
773,1991-04-21,短期贷款(六个月以内),8.10
774,1991-04-21,短期贷款(六个月至一年),8.64
775,1991-04-21,中长期贷款(三至五年),9.54
776,1991-04-21,中长期贷款(五年以上),9.72
777,1991-04-21,中长期贷款(一至三年),9.00
778,1991-04-21,贴现(贴现),--
779,1991-04-21,优惠贷款(扶贫贴息贷款),2.88
780,1991-04-21,优惠贷款(老少边穷发展经济贷款),5.76
781,1991-04-21,优惠贷款(民政部门福利工厂贷款),7.20
782,1991-04-21,优惠贷款(民族贸易及民族用品生产贷款),5.76
783,1991-04-21,优惠贷款(贫困县办工业贷款),5.76
784,1991-04-21,个人住房商业贷款(六个月以内),7.29
785,1991-04-21,个人住房商业贷款(六个月至一年),7.78
786,1991-04-21,个人住房商业贷款(三至五年),8.59
787,1991-04-21,个人住房商业贷款(五年以上),8.75
788,1991-04-21,个人住房商业贷款(一至三年),8.10
789,1991-04-21,个人住房公积金贷款(五年以上),--
790,1991-04-21,个人住房公积金贷款(五年以下),--
791,1991-04-21,特种贷款(特种贷款利率),9.72
792,1990-08-21,短期贷款(六个月以内),8.64
793,1990-08-21,短期贷款(六个月至一年),9.36
794,1990-08-21,中长期贷款(三至五年),10.80
795,1990-08-21,中长期贷款(五年以上),11.16
796,1990-08-21,中长期贷款(一至三年),10.08
797,1990-08-21,贴现(贴现),--
798,1990-08-21,优惠贷款(扶贫贴息贷款),--
799,1990-08-21,优惠贷款(老少边穷发展经济贷款),--
